cellnumber	x-coordinate	y-coordinate	z-coordinate	temperature	o2	co2	co	h2o
-1.7135256673787986	-0.8231892077746519	0.3354211084502862	-0.3756883373032454	-0.3467425319094512	0.598883691599652	-0.5987526571406596	1.667719747148518	-0.5986965589267801
-1.676275109392303	-1.1566043412396274	-0.34700171503456695	-0.5414158385219783	-0.7367584016389469	0.6975355573513441	-0.6973441040881673	0.5275528796940095	-0.6972558760631906
-1.6390245514058073	-1.232294243441053	-0.6053645255661122	-0.1577354550180293	-1.1873421062425051	0.22221889317949522	-0.22204341191657503	0.8816396553532069	-0.22199329608367602
-1.6017739934193118	-0.8955081694330388	0.12761154781315054	0.16245508821545773	-0.8420379514035337	-0.04343050034070782	0.04358652547728522	1.9283629049832738	0.043589981813546286
-1.5645234354328161	-0.07509258270700121	1.045735406692093	0.0013848259274530862	0.3443714512891434	0.09305836519193529	-0.09306641510080797	3.2598014252448984	-0.09316907237054896
-1.5272728774463205	-0.04824761673911069	1.1973339700442414	0.9078087375823437	-0.3825924724428199	-0.8849463988766858	0.8849959305817146	1.720206758490463	0.8850112227957377
-1.490022319459825	-0.6143079599123098	0.6734825144641973	0.640102257582459	-0.8225588581643639	-0.5778104710316344	0.577933955323118	1.8052597029919455	0.577929062911856
-1.4527717614733293	-0.5090232345892961	0.924903049472087	1.1180394556837345	-1.168482486424004	-1.0415983705991292	1.0416948554088887	0.3576270357375427	1.0417396003320722
-1.4155212034868336	-0.15239959456933863	1.2311889955738762	1.276517724396516	-0.934942131147838	-1.2061966917763844	1.2062767355358246	0.03818842645749761	1.2063366847523072
-1.378270645500338	0.558007203896526	0.715472628290651	0.6926771535974424	0.5174024256369767	-0.756845990547194	0.7567699011521019	2.293193129209218	0.7565964025697774
-1.3410200875138425	0.6309898454953959	0.6603012855412358	-0.5100586906826741	1.1208270866310777	0.5944749376770113	-0.5946476623984844	1.9706107787362344	-0.5947403987700309
-1.3037695295273468	0.7608262118020159	0.3539848104104987	0.1373470072255651	1.0366985342751163	-0.1406859892717881	0.1404921497452252	3.0075999095047745	0.14033301062765324
-1.2665189715408511	0.16364410224994924	1.1897494304540186	-0.8504376895339074	0.8402681233207664	0.976955356538094	-0.9770155900204949	1.0866686078101309	-0.9770768284936843
-1.2292684135543555	-1.262578178955817	-0.6833505451441492	0.23062340042461082	-1.3903605909920853	-0.23250201978844248	0.23265522778085923	0.8458321373036641	0.23269077941008248
-1.19201785556786	-1.090891369869721	-0.2122848067671931	0.5821118496120573	-1.3867684170078596	-0.5493470064284102	0.5494808801795569	0.8238354220054508	0.5495099892390858
-1.1547672975813643	-0.9018772822597634	0.30930339592879874	-0.8338460813636139	-0.13728918705862844	1.1018458440180274	-1.1017158165628802	0.1628394828931416	-1.1015861364170565
-1.1175167395948686	-0.432987518302064	1.0045099295943676	-0.7623618158540769	0.3428667790229998	0.9806469965818574	-0.9805953480426615	1.162839756209475	-0.9806038887757
-1.080266181608373	-1.3052088152276282	-0.7971794405093622	-0.6129366332697582	-0.9093897646353369	0.6295714855961876	-0.6293804545522779	0.30671778103327396	-0.629287862785542
-1.0430156236218775	-1.4348242031586855	-1.2358885129655248	-0.1857055626902939	-1.3938528124593954	0.07570561773030535	-0.07553650193192249	0.4977481574974339	-0.07547468179718457
-1.0057650656353818	-0.8830084363244209	0.300006280434247	0.9129023793668202	-1.3835393446269588	-0.8340630026338088	0.8341779015202291	0.500238446502617	0.8342170527024745
-0.9685145076488861	-0.6197496228490026	0.8436141224743688	-1.0973248095368464	0.3083099825660337	1.3214962993407533	-1.3214134174033627	-0.25868789533651043	-1.3213612440772808
-0.9312639496623906	-0.2371080953649084	1.241984727223809	-1.1777236875746677	0.6182924647754385	1.3585865500129632	-1.3585499658669238	-0.3474166934652663	-1.3585634997768001
-0.8940133916758949	0.20487222922124665	1.1881590989386661	1.2513126386292466	-0.5192100603526841	-1.2681415842716908	1.2681863987276274	0.04246838808708315	1.268252279468554
-0.8567628336893993	0.6065317692961223	0.7688394232292831	1.1086565996932654	0.17460277502327579	-1.2176246672574027	1.217577583453852	0.309609860003405	1.2175622188531257
-0.8195122757029036	0.3589614377649115	1.0741467728533962	1.0724170994737372	-0.1078553244572041	-1.1545775496041875	1.1545700984388338	0.7100119601786127	1.1546266326310484
-0.7822617177164081	-0.6282488331079885	0.764251987676467	1.2856764562623966	-1.372971650763764	-1.1267886532527875	1.1268801030580908	-0.2855796912482735	1.1269532079209805
-0.7450111597299125	-0.1982348010722268	1.1789843561062752	1.4117115137272265	-1.0774614827995574	-1.277504556397158	1.2775800978007965	-0.45267862564157574	1.2776601183621172
-0.7077606017434168	0.901831101395031	0.1877677165843864	0.9040028224669854	0.6866161851076978	-1.0412849266952413	1.0411674164386056	0.7678401321190242	1.0409812894059758
-0.6705100437569212	1.2237844404124067	-0.6562237071159808	0.1390210273797064	1.3011887285829231	-0.18167745387810602	0.18140775989166297	1.551383718391428	0.18121989771089247
-0.6332594857704256	1.068959166155511	-0.2403903695462789	0.5578022726747005	1.0598804027645938	-0.6626576011970311	0.6624442132253799	1.4499632141060006	0.6622802500966378
-0.59600892778393	1.0577703957708855	-0.20032704791952757	-0.22114828282530402	1.3109835732208617	0.29985740039170333	-0.300109885153818	1.7301166848435554	-0.30029065782210446
-0.5587583697974343	1.0860594419397391	-0.2572108382999732	-0.5939635846289174	1.3177178219722956	0.7132262378870837	-0.7134480601245696	0.4439183294193728	-0.7136024709645084
-0.5215078118109387	0.8267732656021675	0.4017855733185817	-0.926646331409412	1.1870594128476613	0.9904481886656433	-0.9906023738517171	-0.0763086786228215	-0.9906349776513208
-0.48425725382444307	0.5927231849501858	0.8486602631005113	-0.9292449885372092	1.098143333473285	1.0321382084548805	-1.0322667491334232	0.2589286875841448	-1.0323040927030782
-0.44700669583794744	1.2760014762601224	-0.7972099695383102	-0.24620329848113254	1.3754454076177582	0.30490455878321265	-0.3051783644451169	0.9457178618566965	-0.30543282189512205
-0.4097561378514518	0.519542110701896	0.9341696359376909	-1.1358884874055115	1.001745780056203	1.2108509680413184	-1.2109364250570402	-0.3301888147381129	-1.210954549742946
-0.37250557986495625	0.13661707820345742	1.2626891811326715	-1.2375223901555754	0.818934158821608	1.3262707989467053	-1.3262947054109209	-0.38617270075699917	-1.3263078511582176
-0.3352550218784606	-1.4243766225311159	-1.1981188449785893	0.26058964482142466	-1.3888707614332843	-0.36372843138592753	0.3638708121263173	0.36954841602323224	0.3639278106156361
-0.298004463891965	-1.273384492249819	-0.703290490597468	0.6806198641544784	-1.3853548753042195	-0.6738262684168174	0.6739487693049724	0.1754054893115555	0.6740080420836253
-0.2607539059054694	-1.0516904902566133	-0.055915377142171686	-0.9773507320643883	-0.23716401639132065	1.1242338664373968	-1.1240884783575302	-0.22303405395438122	-1.123947163989204
-0.22350334791897372	-1.4186683325108143	-1.1852435477110868	-0.6662619001336683	-1.0330053378889845	0.5506023272216772	-0.5504132609022547	0.4606719837779509	-0.5503306720592406
-0.18625278993247812	-1.5591312727461288	-1.7006847689142839	-0.2020710713991163	-1.3926958011974488	-0.026269574973303098	0.026433197126461448	0.5385081998396577	0.026489296640596738
-0.1490022319459825	-0.9986768650099754	0.04772939333760058	1.0338395988021776	-1.3825072369697582	-0.9249086260817487	0.925014123690937	-0.06565054858804426	0.9250793029048388
-0.11175167395948686	-0.7008843560507226	0.6983462278814977	-1.244779276781359	0.2672957455696717	1.396403157234749	-1.3963086500674704	-0.6691860365973714	-1.3962314343570636
-0.07450111597299125	-0.28652950672667576	1.1883731869608551	-1.3930369400211495	0.5720639489566859	1.4611225380934372	-1.4610658230239957	-0.762639009978468	-1.4610606875671497
-0.037250557986495625	0.24977230033103945	1.1287980959251065	1.3994419480398028	-0.575966685414436	-1.3551049926086423	1.3551510646984202	-0.4985700463298083	1.3552371550650213
0.0	0.6726135343622315	0.6343366029840984	1.250081683224961	0.09238343932797627	-1.3192675639431	1.3192268550793882	-0.3382404972354809	1.3192602960569035
0.037250557986495625	-0.6840719480891209	0.6567537610704743	1.398485470871828	-1.379789473631859	-1.1644124114169287	1.1645000454836907	-0.5454155885463273	1.1645845634952334
0.07450111597299125	-0.21536647219586275	1.1517044881137566	1.5363608512488869	-1.156055675048901	-1.3150836416529226	1.315157096343442	-0.688128140289405	1.3152478605067723
0.11175167395948686	1.0291161582704795	-0.11558231181113329	0.9786692554783021	0.7152228304225724	-1.1223514377727732	1.122226747966953	0.07173356416460908	1.1220502142698368
0.1490022319459825	1.4086390097260495	-1.2489473692262685	0.1808367280336018	1.3108577544756177	-0.20484816912559145	0.20458204083092474	0.6842403389847915	0.20439129094805383
0.18625278993247812	1.2833568542589524	-0.83828254494487	0.6105531608530136	1.122112798023499	-0.7228038406328073	0.7225777614708512	0.5716879354762084	0.7224245768053258
0.22350334791897372	1.2356752726137106	-0.678426648906926	-0.6909639433802784	1.293314824862787	0.740501212405879	-0.7407053133017315	-0.15750037145740756	-0.7408172512183953
0.2607539059054694	0.9560999787942537	0.09491854948124857	-1.0441392490986698	1.1392773649757182	1.0502534028945067	-1.0503857642839511	-0.5273039518713304	-1.0504092936483658
0.298004463891965	1.392055840195853	-1.1901062576171726	-0.26821979462411094	1.355433062881099	0.3154503726943655	-0.3157084247236009	0.3570787826011014	-0.31592818276653517
0.3352550218784606	0.5827512848419496	0.828995592000462	-1.2916859038562216	0.9475388357841501	1.2756293992961278	-1.2756924968882752	-0.6662539995288312	-1.2757007967479106
0.37250557986495625	0.15453179928661534	1.2417094528705395	-1.4102002115135308	0.7668153908569237	1.4125673412573891	-1.4125689658819338	-0.7398469533268838	-1.412569587949257
0.4097561378514518	-1.5478146857288968	-1.6591228311322086	0.2828803761141836	-1.3878370762481738	-0.45484165215693945	0.45497791109609453	0.21995340247529804	0.4550404863189019
0.44700669583794744	-1.3844354846991904	-1.0789991919360968	0.7393682958512895	-1.3845621056491926	-0.743664254978603	0.7437799271786362	-0.11490259458125746	0.7438528397316193
0.48425725382444307	-1.1435953276317714	-0.3160826072112586	-1.0625742027209268	-0.3158870377623706	1.1018151818247697	-1.101659659177972	-0.2430942118907581	-1.1015200128297935
0.5215078118109387	-1.5166442292384061	-1.5202773206585862	-0.7123870557777949	-1.3954178874847543	0.21394604271461165	-0.21377836617230092	-0.8795241861962334	-0.2136420277013683
0.5587583697974343	-1.6664166946285988	-2.1018382614057574	-0.21630542351688126	-1.3889930991583797	-0.3528496612660956	0.35298398728316077	-0.8684030793078739	0.3531046455778117
0.59600892778393	-1.086717504634148	-0.19353767408698086	1.1236842752630622	-1.381968463253023	-0.9723302020213014	0.9724307770125923	-0.3536134512833705	0.9725110182419631
0.6332594857704256	-0.7622108689040258	0.5739663461906734	-1.3540264923000938	0.2294228372831167	1.4215051505307978	-1.4214043944791401	-0.8308758744394795	-1.421311970315726
0.6705100437569212	-0.310860386943719	1.1573623637775186	-1.5159142657710838	0.5345063057006454	1.5072368629655248	-1.5071710362335646	-0.9139984842254716	-1.5071502347714485
0.7077606017434168	0.27352350122423524	1.0961357548953938	1.5228497167590718	-0.6306551731310721	-1.400314709424886	1.4003654676219035	-0.7407644519693806	1.4004586543257773
0.7450111597299125	0.7342353056583147	0.5117610125576314	1.3592351037852242	0.07203632050847708	-1.37167827484146	1.3716371111787238	-0.6168174942280538	1.3716864525592223
0.7822617177164081	-0.7327442046042586	0.5634152315919347	1.4960404640505274	-1.3789154342711036	-1.241265364974394	1.2413442697503212	-1.1330010667650279	1.2414581577804713
0.8195122757029036	-0.23092261865089692	1.128033459196378	1.6443566262502176	-1.3065984399746255	-1.3869060882970434	1.3869746840764376	-1.2583721093722104	1.387090434620805
0.8567628336893993	1.1213863732848373	-0.3757188845780308	1.0628705932413456	0.7114801254133638	-1.1771282723696406	1.1770033221189415	-0.25236870946490864	1.1768314959864434
0.8940133916758949	1.5322514702195171	-1.715945563454815	0.19556548875197044	1.275586426775397	-0.24511848535391512	0.2448700096139263	0.33837263340605317	0.2447294929456229
0.9312639496623906	1.396658121742842	-1.2290074237729498	0.6623043757596	1.1070692478491428	-0.7784563082464483	0.7782352357822306	0.20392594772158487	0.7780851615439176
0.9685145076488861	1.3453571701850582	-1.0418717880157287	-0.7512429841170799	1.2598200724876674	0.7430235078973785	-0.7432092720046521	-0.4290432036587799	-0.7432736721408101
1.0057650656353818	1.0421783358284293	-0.12909987314514634	-1.1352136427547672	1.1006141779594218	1.070202313858664	-1.070320534887589	-0.7028522639555054	-1.070340631110033
1.0430156236218775	1.5145314868508184	-1.6467979542980606	-0.29205348060531855	1.3117270507938992	0.29950632561427876	-0.2997421093374663	0.021960946220337615	-0.29990095072289474
1.080266181608373	0.6363043745107279	0.737216865008327	-1.4049614317480683	0.898211734417854	1.3110473867628902	-1.311093672037879	-0.7418368725486904	-1.3110994260887154
1.1175167395948686	0.1699030985875469	1.2235432696525728	-1.534533356404848	0.7226301815710675	1.454583788702239	-1.4545691843496333	-0.8272302887533406	-1.4545651002826692
1.1547672975813643	-1.654398169582991	-2.057126317895109	0.3019916536122045	-1.3851525630150898	-0.6915634669667363	0.691676885009889	-0.9722221103678891	0.6917952870561872
1.19201785556786	-1.480486549591538	-1.4037571246381269	0.7899648269619174	-1.3827476888286558	-0.9035259274870493	0.9036258678247014	-1.0434278137714326	0.9037424874929864
1.2292684135543555	-1.2230001213855657	-0.5408044802353583	-1.1363485835348175	-0.6701692630131726	0.9101424374119459	-0.9099526608973857	-1.0334863556428686	-0.9097897474762318
1.2665189715408511	-1.1630488523962512	-0.4024788611661427	1.2012211274467444	-1.3807606155005483	-1.0786323583473343	1.078721291352297	-1.0920713276020233	1.0788363396691956
1.3037695295273468	-0.8150398486839676	0.4666515503047376	-1.4487624068442415	0.03245573913237092	1.4159479580967553	-1.4158194874695427	-1.2556073331034103	-1.415663327702075
1.3410200875138425	-0.33131669765886246	1.1306942308226764	-1.6225253051847524	0.3692826250464561	1.5820092620072295	-1.5819154147454508	-1.252737015589803	-1.5818403437920574
1.378270645500338	0.2929814666961008	1.068764171542904	1.6300768538076529	-0.7381204427215251	-1.482145281280066	1.4821988901653593	-1.2580357251585894	1.482314027812816
1.4155212034868336	0.786373899734424	0.4076880660334808	1.4544404954453445	0.014687019083006738	-1.4698501085531086	1.4698112316757956	-1.2558261994209736	1.4699010829109724
1.4527717614733293	1.200257912871414	-0.5984834363735372	1.1366210298249306	0.5785151717700596	-1.3062199938086836	1.3061256674607848	-1.0778123223568206	1.3059778963269562
1.490022319459825	1.638770859658058	-2.118567014799423	0.20942367046858948	0.9939449132635503	-0.4372365651143819	0.43707471648440654	-0.936470539330452	0.4369648299550618
1.5272728774463205	1.493988847173598	-1.5650197931981251	0.7080600216563376	0.8506722249251482	-0.9554412018942018	0.9552939655398984	-0.9746883754187102	0.955151466259378
1.5645234354328161	1.4406800876892782	-1.3571795752588571	-0.8022524687206641	1.0207732593029348	0.6927885656939071	-0.692897760534465	-1.2380665573851632	-0.6929325189643113
1.6017739934193118	1.117542671042279	-0.3245846852213755	-1.2131328394061747	0.8531262133948475	1.1061409717747037	-1.1061797781200027	-1.2430548709177567	-1.1061894635980896
1.6390245514058073	1.6204490554894528	-2.0414986619145217	-0.3114723093595249	1.043057575421758	0.17011392395944094	-0.17025859493009526	-1.0074545495938345	-0.17032967116211345
1.676275109392303	0.6837553514684813	0.6564784867172048	-1.5025576465218708	0.632028136239787	1.4253337434808526	-1.4252913664318951	-1.2494818838401907	-1.4252807924360642
1.7135256673787986	0.1841808265134774	1.207395593994337	-1.6421786275468888	0.5040329463361569	1.5586735724232406	-1.5585990886553718	-1.2515850017449048	-1.5585606204225966
